{"totalBalance":-55320.26000000001,"totalOutstanding":46800,"todayNet":-87.00999999999999,"weekNet":-269.01,"activeAccounts":226}